City_ID,City,Country,Lat,Lng,Max Temp,Humidity,Cloudiness,Wind Speed,Description
0,Stantsionno-Oyashinskiy,RU,55.4664,83.8245,41.67,81,59,9.89,broken clouds
1,Tuy Hoa,VN,13.0833,109.3,81.23,78,90,9.89,overcast clouds
2,Geraldton,AU,-28.7667,114.6,69.37,62,37,14.74,scattered clouds
3,Rikitea,PF,-23.1203,-134.9692,71.1,70,99,19.44,overcast clouds
4,Vaini,TO,-21.2,-175.2,77.16,78,75,16.11,broken clouds
5,Ushuaia,AR,-54.8,-68.3,38.86,60,0,9.22,clear sky
6,Goma,CD,-1.6792,29.2228,61.92,89,92,3.15,overcast clouds
7,Cherskiy,RU,68.75,161.3,10.87,94,75,5.73,broken clouds
8,Lerwick,GB,60.1545,-1.1494,50.0,76,100,22.48,overcast clouds
9,Cidreira,BR,-30.1811,-50.2056,66.11,99,100,5.73,overcast clouds
10,Emba,KZ,48.8264,58.1442,51.15,54,56,5.28,broken clouds
11,Arraial Do Cabo,BR,-22.9661,-42.0278,72.64,87,4,30.29,clear sky
12,Bluff,NZ,-46.6,168.3333,49.89,54,80,11.34,broken clouds
13,Birobidzhan,RU,48.8,132.95,41.63,76,100,3.6,moderate rain
14,Pemangkat,ID,1.1667,108.9667,86.11,65,83,5.88,broken clouds
15,Bredasdorp,ZA,-34.5322,20.0403,54.36,89,54,3.65,broken clouds
16,Klaksvik,FO,62.2266,-6.589,49.12,80,100,20.0,overcast clouds
17,Tiksi,RU,71.6872,128.8694,3.96,92,9,9.28,clear sky
18,Puerto Ayora,EC,-0.7393,-90.3518,67.55,93,98,4.0,overcast clouds
19,Ribeira Grande,PT,38.5167,-28.7,65.77,63,23,13.67,few clouds
20,Clyde River,CA,70.4692,-68.5914,21.43,79,100,13.8,overcast clouds
21,Port Elizabeth,ZA,-33.918,25.5701,57.49,88,75,2.3,broken clouds
22,Tuktoyaktuk,CA,69.4541,-133.0374,24.8,86,100,10.36,light snow
23,Yei,SS,4.095,30.6779,65.75,96,100,1.79,light rain
24,Cape Town,ZA,-33.9258,18.4232,64.38,78,0,9.22,clear sky
25,Barraute,CA,48.4335,-77.6328,34.07,88,100,10.89,light snow
26,Kodiak,US,57.79,-152.4072,45.91,53,0,6.82,clear sky
27,Harare,ZW,-17.8294,31.0539,61.18,70,2,6.6,clear sky
28,Mataundh,IN,25.45,80.15,79.38,48,0,3.76,clear sky
29,Buta,CD,2.7858,24.73,69.87,100,100,2.48,light rain
30,Kalmunai,LK,7.4167,81.8167,78.55,85,100,1.72,moderate rain
31,Bengkulu,ID,-3.8004,102.2655,81.19,76,100,5.64,overcast clouds
32,La Ronge,CA,55.1001,-105.2842,52.05,43,75,16.11,broken clouds
33,Hilo,US,19.7297,-155.09,82.13,74,20,12.66,few clouds
34,Kapaa,US,22.0752,-159.319,75.09,79,100,1.01,overcast clouds
35,Hobart,AU,-42.8794,147.3294,77.25,59,75,13.8,broken clouds
36,Ferrol,ES,43.4832,-8.2369,63.68,73,26,23.33,scattered clouds
37,Mataura,NZ,-46.1927,168.8643,53.67,40,84,6.85,broken clouds
38,Hithadhoo,MV,-0.6,73.0833,81.88,75,100,10.36,overcast clouds
39,Acari,PE,-15.4311,-74.6158,63.77,74,50,3.27,scattered clouds
40,Busselton,AU,-33.65,115.3333,63.3,60,98,10.78,light rain
41,Pimentel,PE,-6.8367,-79.9342,60.3,85,87,13.51,overcast clouds
42,Victoria,HK,22.2855,114.1577,84.96,63,35,5.99,scattered clouds
43,Punta Arenas,CL,-53.15,-70.9167,41.11,70,40,20.71,scattered clouds
44,Talnakh,RU,69.4865,88.3972,34.21,98,100,15.95,light snow
45,Tuatapere,NZ,-46.1333,167.6833,50.76,52,51,6.85,broken clouds
46,Egvekinot,RU,66.3167,-179.1667,27.68,97,100,6.76,light snow
47,Albany,US,42.6001,-73.9662,41.05,77,98,3.36,overcast clouds
48,Castro,BR,-24.7911,-50.0119,61.05,93,100,12.24,heavy intensity rain
49,Faanui,PF,-16.4833,-151.75,78.98,76,91,13.56,light rain
50,Ha Noi,VN,21.0245,105.8412,68.0,94,100,7.18,overcast clouds
51,Praia Da Vitoria,PT,38.7333,-27.0667,62.85,77,20,14.36,few clouds
52,Marfino,RU,55.7028,37.3822,36.09,86,100,6.71,overcast clouds
53,Nawa,IN,27.0167,75.0,80.2,28,0,5.39,clear sky
54,Senanga,ZM,-16.1167,23.2667,66.02,43,61,4.52,broken clouds
55,Pevek,RU,69.7008,170.3133,20.37,95,99,3.53,overcast clouds
56,Iqaluit,CA,63.7506,-68.5145,33.53,100,100,10.36,overcast clouds
57,Port Blair,IN,11.6667,92.75,82.44,78,75,8.05,mist
58,Chokurdakh,RU,70.6333,147.9167,16.34,94,100,18.19,light snow
59,Atuona,PF,-9.8,-139.0333,77.14,68,4,16.73,clear sky
60,Butaritari,KI,3.0707,172.7902,81.3,74,20,9.24,few clouds
61,Marawi,PH,7.9986,124.2928,81.21,69,100,4.16,overcast clouds
62,Mar Del Plata,AR,-38.0023,-57.5575,59.02,93,100,12.66,overcast clouds
63,Saint-Philippe,RE,-21.3585,55.7679,72.99,78,49,9.31,light rain
64,New Norfolk,AU,-42.7826,147.0587,76.91,53,100,10.47,overcast clouds
65,Avera,US,33.194,-82.5271,40.91,40,2,6.11,clear sky
66,Usinsk,RU,65.9939,57.5281,30.65,89,100,14.25,overcast clouds
67,Isangel,VU,-19.55,169.2667,82.51,74,75,9.22,broken clouds
68,Dikson,RU,73.5069,80.5464,32.07,94,100,12.24,overcast clouds
69,Bathsheba,BB,13.2167,-59.5167,81.21,83,40,12.66,scattered clouds
70,Shache,CN,38.4167,77.2406,59.86,18,32,4.99,scattered clouds
71,Masuguru,TZ,-11.3667,38.4167,70.86,74,88,4.65,overcast clouds
72,Korla,CN,41.7597,86.1469,55.69,31,0,5.53,clear sky
73,Winterswijk,NL,51.9725,6.7194,59.29,93,47,8.5,scattered clouds
74,Torbay,CA,47.6666,-52.7314,62.76,97,100,13.8,shower rain
75,Hirara,JP,24.8,125.2833,80.87,89,75,20.71,broken clouds
76,Iringa,TZ,-7.7667,35.7,57.49,72,98,5.77,overcast clouds
77,Saint-Augustin,CA,51.226,-58.6502,44.76,92,2,9.98,clear sky
78,Auki,SB,-8.7676,160.7034,83.61,76,99,4.59,overcast clouds
79,Ponta Do Sol,PT,32.6667,-17.1,74.01,88,100,3.36,light rain
80,Qaanaaq,GL,77.484,-69.3632,-2.13,69,0,10.33,clear sky
81,Hermanus,ZA,-34.4187,19.2345,52.81,87,26,7.31,scattered clouds
82,Nanortalik,GL,60.1432,-45.2371,38.12,63,100,1.97,overcast clouds
83,Takhtamygda,RU,54.1,123.5667,38.53,44,11,6.08,few clouds
84,Cockburn Town,TC,21.4612,-71.1419,83.1,76,9,17.54,clear sky
85,Nouakchott,MR,18.0858,-15.9785,79.25,71,0,8.48,clear sky
86,Provideniya,RU,64.3833,-173.3,35.71,100,100,13.42,fog
87,Lufilufi,WS,-13.8745,-171.5986,81.03,77,99,12.88,light rain
88,Silvan,TR,38.1419,41.0081,57.49,72,87,0.34,overcast clouds
89,Coquimbo,CL,-29.9533,-71.3436,55.13,94,100,4.61,overcast clouds
90,Jamestown,US,42.097,-79.2353,40.71,81,48,1.99,scattered clouds
91,Saint George,US,37.1041,-113.5841,70.95,27,5,1.9,clear sky
92,Port Alfred,ZA,-33.5906,26.891,61.18,97,60,3.38,broken clouds
93,Taltal,CL,-25.4,-70.4833,58.03,79,15,1.59,few clouds
94,Upernavik,GL,72.7868,-56.1549,15.55,73,80,7.36,broken clouds
95,Barrow,US,71.2906,-156.7887,28.42,86,100,24.16,light snow
96,Kavieng,PG,-2.5744,150.7967,83.57,70,90,4.34,overcast clouds
97,Bay Roberts,CA,47.5999,-53.2648,63.52,96,100,3.0,moderate rain
98,Tiarei,PF,-17.5333,-149.3333,77.61,80,37,19.37,scattered clouds
99,Dingle,PH,10.9995,122.6711,87.85,66,72,4.94,broken clouds
100,Rio Gallegos,AR,-51.6226,-69.2181,38.95,57,10,20.36,clear sky
101,East London,ZA,-33.0153,27.9116,66.02,78,80,4.27,broken clouds
102,Saskylakh,RU,71.9167,114.0833,16.74,96,86,5.41,overcast clouds
103,Berehove,UA,48.2056,22.6442,40.66,65,1,4.88,clear sky
104,Beoumi,CI,7.6736,-5.5764,70.52,97,51,3.62,broken clouds
105,Nanticoke,US,41.2054,-76.0049,43.65,82,70,2.39,broken clouds
106,Apac,UG,1.9756,32.5386,65.1,94,100,1.59,overcast clouds
107,Gimli,CA,50.6336,-96.9907,50.45,64,100,9.4,moderate rain
108,Pitimbu,BR,-7.4706,-34.8086,76.48,71,36,12.71,scattered clouds
109,Katsuura,JP,35.1333,140.3,69.51,56,2,12.26,clear sky
110,Flinders,AU,-34.5833,150.8552,70.38,85,100,5.39,light rain
111,Itarema,BR,-2.9248,-39.9167,78.04,83,79,14.74,broken clouds
112,Sechura,PE,-5.5569,-80.8222,59.97,87,84,11.52,broken clouds
113,Ostrovnoy,RU,68.0531,39.5131,36.25,66,100,28.61,light rain
114,Yellowknife,CA,62.456,-114.3525,31.03,75,21,10.67,few clouds
115,Ketchikan,US,55.3422,-131.6461,46.98,89,100,3.78,overcast clouds
116,Majene,ID,-3.5403,118.9707,86.14,68,82,4.12,broken clouds
117,Fairbanks,US,64.8378,-147.7164,36.61,92,100,8.05,light snow
118,Erzin,TR,36.9559,36.2,65.21,84,20,1.63,few clouds
119,Carnarvon,AU,-24.8667,113.6333,71.74,55,1,11.95,clear sky
120,Saint-Pierre,RE,-21.3393,55.4781,73.08,64,40,6.91,scattered clouds
121,Buritis,BR,-15.6178,-46.4233,78.22,40,86,1.66,overcast clouds
122,Vardo,NO,70.3705,31.1107,31.98,93,100,11.5,overcast clouds
123,Cabo San Lucas,MX,22.8909,-109.9124,80.62,78,9,5.99,clear sky
124,Sao Filipe,CV,14.8961,-24.4956,77.13,82,8,5.06,clear sky
125,Sao Pedro Do Sul,BR,-29.6206,-54.1789,65.39,96,96,8.75,overcast clouds
126,Denizli,TR,37.8402,29.0698,52.66,82,0,3.33,clear sky
127,Puerto Quijarro,BO,-17.7833,-57.7667,73.33,97,99,4.61,moderate rain
128,Beringovskiy,RU,63.05,179.3167,35.83,82,83,9.22,broken clouds
129,Vostok,RU,46.4856,135.8833,51.19,52,100,3.09,overcast clouds
130,Haines Junction,CA,60.7522,-137.5108,36.23,98,100,3.15,overcast clouds
131,Te Anau,NZ,-45.4167,167.7167,53.62,44,25,3.09,scattered clouds
132,Ulaangom,MN,49.9811,92.0667,41.86,39,76,0.63,broken clouds
133,Buala,SB,-8.145,159.5921,84.9,71,97,6.49,light rain
134,Alofi,NU,-19.0595,-169.9187,77.49,77,87,1.81,light rain
135,Khani,GE,41.9563,42.9566,44.17,96,100,4.72,overcast clouds
136,Araouane,ML,18.9048,-3.5265,83.91,19,99,3.53,overcast clouds
137,Mbandaka,CD,0.0487,18.2603,69.53,98,100,4.88,overcast clouds
138,Alta Floresta,BR,-9.8756,-56.0861,72.5,93,72,2.53,broken clouds
139,Honolulu,US,21.3069,-157.8583,78.73,77,20,3.44,few clouds
140,Simao Dias,BR,-10.7383,-37.8111,65.77,93,8,3.87,clear sky
141,Batagay-Alyta,RU,67.8006,130.4114,8.55,79,80,1.92,broken clouds
142,Antalaha,MG,-14.9003,50.2788,72.79,69,78,6.4,broken clouds
143,Sundsvall,SE,62.3913,17.3063,36.97,83,31,1.14,fog
144,Port Lincoln,AU,-34.7333,135.8667,69.08,52,41,11.36,scattered clouds
145,Avarua,CK,-21.2078,-159.775,75.25,83,75,12.66,broken clouds
146,Ipixuna,BR,-1.7625,-48.8043,74.91,90,4,3.96,clear sky
147,Norman Wells,CA,65.282,-126.8329,24.84,86,75,5.75,broken clouds
148,Sungaipenuh,ID,-2.0833,101.3833,75.6,72,100,3.85,overcast clouds
149,Whitianga,NZ,-36.8333,175.7,57.47,71,100,11.03,overcast clouds
150,Wattegama,LK,6.7989,81.4808,77.94,87,100,1.25,overcast clouds
151,Dubai,AE,25.2582,55.3047,80.53,83,0,4.61,haze
152,Iquitos,PE,-3.7481,-73.2472,73.36,94,100,1.48,overcast clouds
153,Arona,ES,28.0996,-16.681,66.56,64,20,6.91,few clouds
154,Olafsvik,IS,64.8945,-23.7142,39.87,79,87,20.29,overcast clouds
155,Faya,SA,18.3851,42.4509,60.64,51,0,1.99,clear sky
156,Salalah,OM,17.0151,54.0924,76.82,70,0,0.83,clear sky
157,Raga,SS,8.4596,25.678,69.03,92,58,2.33,broken clouds
158,Namibe,AO,-15.1961,12.1522,64.83,88,34,4.83,scattered clouds
159,Bambanglipuro,ID,-7.95,110.2833,81.39,80,99,5.28,light rain
160,Airai,TL,-8.9266,125.4092,77.58,52,45,2.06,scattered clouds
161,Mangan,IN,27.5167,88.5333,76.6,36,0,5.77,clear sky
162,Camacha,PT,33.0833,-16.3333,67.42,94,20,4.61,few clouds
163,Cayenne,GF,4.9333,-52.3333,75.24,94,0,0.0,clear sky
164,Mehamn,NO,71.0357,27.8492,37.31,75,40,17.27,scattered clouds
165,Villaviciosa,ES,43.4813,-5.4357,64.96,86,75,5.39,broken clouds
166,Rolla,US,37.9514,-91.7713,56.01,43,0,10.36,clear sky
167,Natal,BR,-5.795,-35.2094,75.42,78,40,9.22,scattered clouds
168,Yanam,IN,16.7333,82.2167,85.24,66,25,9.89,scattered clouds
169,Nan,TH,18.8333,100.6667,82.6,57,2,1.07,clear sky
170,Mahebourg,MU,-20.4081,57.7,74.25,75,20,10.74,few clouds
171,Magnor,SE,59.9511,12.1996,37.13,98,92,2.17,overcast clouds
172,Vinstra,NO,61.5952,9.7523,35.19,60,28,2.08,scattered clouds
173,Yar-Sale,RU,66.8333,70.8333,32.07,97,100,14.36,light snow
174,Yarada,IN,17.65,83.2667,86.32,62,20,8.05,haze
175,Naze,JP,28.3667,129.4833,76.37,71,20,18.52,few clouds
176,Qeshm,IR,26.9581,56.2719,73.27,58,0,4.07,clear sky
177,Launceston,AU,-41.45,147.1667,67.15,72,100,8.05,overcast clouds
178,Changli,CN,39.7042,119.1506,70.5,30,18,12.53,few clouds
179,Nicoya,CR,10.1483,-85.452,74.12,93,98,3.33,overcast clouds
180,Richards Bay,ZA,-28.783,32.0377,71.1,90,100,9.82,light rain
181,Sabang,ID,5.8933,95.3214,80.17,80,99,24.65,light rain
182,Tacuarembo,UY,-31.7333,-55.9833,60.94,98,100,9.82,light rain
183,Adelaide,AU,-34.9333,138.6,76.06,78,20,12.66,few clouds
184,Namatanai,PG,-3.6667,152.4333,86.09,63,100,4.07,overcast clouds
185,Noumea,NC,-22.2763,166.4572,81.0,99,99,16.96,overcast clouds
186,Buchanan,LR,5.8808,-10.0467,74.71,91,65,2.01,moderate rain
187,San Cristobal,VE,7.7669,-72.225,66.6,92,100,1.45,overcast clouds
188,Bambous Virieux,MU,-20.3428,57.7575,74.21,75,26,10.85,scattered clouds
189,Ixtapa,MX,20.7,-105.2,75.83,95,84,1.79,light rain
190,Bargarh,IN,21.3333,83.6167,76.37,63,1,6.4,clear sky
191,Morondava,MG,-20.2833,44.2833,77.32,78,0,3.49,clear sky
192,Devils Lake,US,48.1128,-98.8651,57.31,44,0,11.5,clear sky
193,Ust-Kuyga,RU,70.0167,135.6,2.68,96,89,5.12,overcast clouds
194,Kruszwica,PL,52.6756,18.3313,36.14,71,84,11.7,broken clouds
195,Sioux Lookout,CA,50.1001,-91.917,38.25,89,100,8.25,overcast clouds
196,Skibbereen,IE,51.55,-9.2667,59.11,93,89,24.74,overcast clouds
197,Mporokoso,ZM,-9.3727,30.125,67.23,44,100,6.73,overcast clouds
198,Omboue,GA,-1.5746,9.2618,74.97,90,89,5.68,overcast clouds
199,Zhangjiakou,CN,40.81,114.8794,62.55,39,6,3.65,clear sky
200,Kaeo,NZ,-35.1,173.7833,66.33,62,72,5.23,broken clouds
201,Powassan,CA,46.0334,-79.3496,41.16,92,100,7.09,overcast clouds
202,Meulaboh,ID,4.1363,96.1285,74.97,94,100,7.07,overcast clouds
203,Ribas Do Rio Pardo,BR,-20.4431,-53.7592,70.83,95,100,2.55,moderate rain
204,Georgetown,MY,5.4112,100.3354,89.53,68,20,5.75,few clouds
205,Byron Bay,AU,-28.65,153.6167,71.71,85,94,16.91,light rain
206,Iranshahr,IR,27.2025,60.6848,80.73,13,1,4.18,clear sky
207,Antofagasta,CL,-23.65,-70.4,58.69,77,44,3.85,scattered clouds
208,San Quintin,MX,30.4833,-115.95,69.67,77,0,1.52,clear sky
209,Broken Hill,AU,-31.95,141.4333,73.99,51,59,12.66,broken clouds
210,Arlit,NE,18.7369,7.3853,73.83,24,0,6.04,clear sky
211,Hami,CN,42.8,93.45,55.74,30,5,8.14,clear sky
212,Lata,PT,40.1629,-8.3327,59.07,97,100,5.19,overcast clouds
213,Iracoubo,GF,5.4802,-53.2011,79.27,82,94,8.03,overcast clouds
214,Abu Samrah,SY,35.3029,37.1841,62.96,89,72,8.75,broken clouds
215,Kushiro,JP,42.975,144.3747,60.26,61,67,9.19,broken clouds
216,Guerrero Negro,MX,27.9769,-114.0611,71.22,82,0,9.62,clear sky
217,Tolaga Bay,NZ,-38.3667,178.3,53.85,60,98,17.13,overcast clouds
218,Yazman,PK,29.1212,71.7446,79.81,39,0,12.91,clear sky
219,Vilhena,BR,-12.7406,-60.1458,69.67,95,100,2.57,overcast clouds
220,Marsa Matruh,EG,31.3525,27.2453,70.02,69,54,7.56,broken clouds
221,Suhbaatar,MN,50.2314,106.2078,40.05,59,99,5.73,overcast clouds
222,Buraydah,SA,26.326,43.975,72.36,16,0,7.49,clear sky
223,Tasiilaq,GL,65.6145,-37.6368,33.96,98,100,4.72,light snow
224,Innisfail,AU,-17.5333,146.0333,81.82,77,97,8.39,overcast clouds
225,Laguna,US,38.421,-121.4238,73.18,53,0,0.0,clear sky
226,Souillac,MU,-20.5167,57.5167,72.99,73,19,10.54,few clouds
227,Leningradskiy,RU,69.3833,178.4167,30.36,96,100,7.2,overcast clouds
228,Thompson,CA,55.7435,-97.8558,45.46,75,73,10.71,broken clouds
229,Upata,VE,8.0086,-62.3989,76.19,94,73,4.21,broken clouds
230,Bubaque,GW,11.2833,-15.8333,80.94,73,52,5.01,light rain
231,Genhe,CN,50.7833,121.5167,37.58,54,100,3.62,overcast clouds
232,Katobu,ID,-4.9408,122.5276,93.58,46,99,2.39,overcast clouds
233,Serafimovich,RU,49.5786,42.736,43.63,87,100,1.19,overcast clouds
234,Mastic Beach,US,40.7668,-72.8521,57.97,59,0,18.99,clear sky
235,Hamilton,US,39.1834,-84.5333,47.77,49,3,1.01,clear sky
236,Klyuchi,RU,52.2667,79.1667,52.29,51,100,13.73,overcast clouds
237,Russell,US,32.3502,-85.1999,45.63,93,0,0.0,clear sky
238,Khatanga,RU,71.9667,102.5,10.24,92,46,3.83,scattered clouds
239,Bilibino,RU,68.0546,166.4372,7.47,99,90,1.9,overcast clouds
240,Safranbolu,TR,41.2508,32.6942,40.98,89,28,2.01,scattered clouds
241,Constitucion,CL,-35.3333,-72.4167,53.29,83,100,10.2,overcast clouds
242,Rawson,AR,-43.3002,-65.1023,48.0,59,99,11.63,overcast clouds
243,Bethel,US,41.3712,-73.414,54.54,80,0,0.0,clear sky
244,Santa Helena,BR,-2.2311,-45.3,72.7,99,20,2.73,few clouds
245,Necochea,AR,-38.5473,-58.7368,50.72,84,16,6.06,few clouds
246,San Patricio,US,28.017,-97.5169,73.26,59,0,9.89,clear sky
247,Fortuna,US,40.5982,-124.1573,52.14,85,100,0.0,overcast clouds
248,Isiro,CD,2.7739,27.616,66.16,100,100,0.51,overcast clouds
249,Novoutkinsk,RU,56.993,59.5571,32.74,80,55,8.95,broken clouds
250,Touros,BR,-5.1989,-35.4608,77.14,70,40,17.43,scattered clouds
251,Altamirano,MX,16.8833,-92.15,54.36,100,100,0.94,light rain
252,Palasa,IN,18.7667,84.4167,82.38,66,2,7.25,clear sky
253,Linqiong,CN,30.4159,103.4609,74.35,45,95,1.7,overcast clouds
254,Zhongshu,CN,24.5167,103.7667,66.52,76,90,3.15,overcast clouds
255,Valdivia,CL,-39.8142,-73.2459,48.29,77,99,2.77,overcast clouds
256,Bud,US,39.447,-86.1758,48.15,51,7,9.33,clear sky
257,Hambantota,LK,6.1241,81.1185,79.14,100,99,10.36,overcast clouds
258,Bage,BR,-31.3314,-54.1069,61.74,98,100,9.06,overcast clouds
259,Mwene-Ditu,CD,-7.0,23.45,66.58,93,100,2.73,overcast clouds
260,Batesville,US,35.7698,-91.641,59.41,47,0,4.61,clear sky
261,Cantapoy,PH,9.4906,125.4364,84.83,70,97,4.85,overcast clouds
262,Tessalit,ML,20.1986,1.0114,75.07,22,29,11.18,scattered clouds
263,Pushkino,RU,56.0172,37.8667,35.89,83,91,5.75,overcast clouds
264,Vanavara,RU,60.34,102.2797,33.24,78,88,5.97,overcast clouds
265,Talaya,RU,61.3833,152.75,7.68,86,100,2.06,overcast clouds
266,Turayf,SA,31.6725,38.6637,66.83,54,100,6.58,overcast clouds
267,Merauke,ID,-8.4667,140.3333,84.6,72,58,9.04,broken clouds
268,Puerto Madryn,AR,-42.7692,-65.0385,48.78,57,87,14.14,overcast clouds
269,Rupert,US,42.6191,-113.6772,51.19,49,0,10.36,clear sky
270,Penon Blanco,MX,24.7897,-104.0369,57.36,62,1,2.93,clear sky
271,Shingu,JP,33.7333,135.9833,69.73,53,4,3.31,clear sky
272,Loikaw,MM,19.6742,97.2094,77.61,62,5,3.29,clear sky
273,Olinda,BR,-8.0089,-34.8553,76.1,73,31,12.17,scattered clouds
274,Poum,NC,-20.2333,164.0167,77.02,68,93,19.6,overcast clouds
275,Pangnirtung,CA,66.1451,-65.7125,28.22,93,100,11.83,snow
276,Zainsk,RU,55.3195,52.0694,29.39,87,6,4.41,clear sky
277,Longyearbyen,SJ,78.2186,15.6401,17.44,73,0,9.22,clear sky
278,Hovd,MN,48.0056,91.6419,42.87,29,75,4.23,broken clouds
279,Nelson Bay,AU,-32.7167,152.15,70.0,93,100,4.0,light rain
280,Bandarban,BD,22.1965,92.2262,88.9,56,4,1.12,clear sky
281,Zharkent,KZ,44.1628,80.0,57.24,27,21,3.29,few clouds
282,Murgab,TM,37.4966,61.9714,66.29,27,54,10.18,broken clouds
283,Pirovskoye,RU,57.6267,92.2658,36.0,98,100,6.73,light rain
284,Nueva Gerona,CU,21.8833,-82.8,73.56,70,45,13.29,scattered clouds
285,Campoverde,PE,-8.4753,-74.8058,74.34,87,47,2.93,scattered clouds
286,La Reforma,MX,25.0833,-108.05,78.6,78,4,4.59,clear sky
287,Smidovich,RU,48.6,133.8167,43.9,70,100,0.65,moderate rain
288,Vila Velha,BR,-20.3297,-40.2925,73.94,88,62,5.01,broken clouds
289,Gualeguay,AR,-33.1416,-59.3097,59.22,88,98,3.0,overcast clouds
290,Husainabad,IN,24.5333,84.0167,78.48,61,0,0.81,clear sky
291,Kedougou,SN,12.5579,-12.1743,72.39,91,18,3.76,few clouds
292,Nikolskoye,RU,59.7035,30.7861,40.91,97,100,3.6,overcast clouds
293,Lubango,AO,-14.9172,13.4925,62.83,60,42,0.38,scattered clouds
294,Simao,CN,22.7886,100.9748,75.11,47,78,1.36,broken clouds
295,Iguape,BR,-24.7081,-47.5553,68.49,97,96,3.49,moderate rain
296,Agadez,NE,19.75,10.25,66.96,34,0,8.63,clear sky
297,Chake Chake,TZ,-5.2459,39.7666,74.86,77,82,5.88,broken clouds
298,Boralday,KZ,43.3578,76.8594,52.47,42,24,4.81,few clouds
299,Bend,US,44.0582,-121.3153,59.47,50,0,1.01,clear sky
300,Kudahuvadhoo,MV,2.6708,72.8944,81.82,70,92,13.71,overcast clouds
301,Lavrentiya,RU,65.5833,-171.0,34.14,99,100,8.59,light snow
302,Kjollefjord,NO,70.9457,27.3465,35.42,80,40,16.11,scattered clouds
303,Ancud,CL,-41.8697,-73.8203,40.23,86,10,6.82,clear sky
304,Shawville,CA,45.6001,-76.4827,39.76,89,42,7.31,scattered clouds
305,Adrar,MR,20.5022,-10.0711,81.9,19,99,10.2,overcast clouds
306,Griffith,US,41.5284,-87.4237,50.9,64,0,3.44,clear sky
307,Kendari,ID,-3.945,122.4989,88.18,61,77,6.29,broken clouds
308,Muzhi,RU,65.3667,64.6667,29.28,89,60,7.07,broken clouds
309,Broome,US,42.2506,-75.833,41.38,74,75,5.75,broken clouds
310,Vershino-Shakhtaminskiy,RU,51.3012,117.8868,37.35,50,100,4.21,overcast clouds
311,Kamaishi,JP,39.2667,141.8833,65.95,63,55,11.88,broken clouds
312,Vizinga,RU,61.0749,50.1031,31.93,78,85,13.78,light snow
313,Seshcha,RU,53.7361,33.3387,32.32,93,20,3.87,few clouds
314,Morrinhos,BR,-17.7311,-49.0994,77.97,41,100,3.96,overcast clouds
315,Dauriya,RU,49.9333,116.8667,44.73,32,20,12.35,few clouds
316,Teruel,ES,40.6667,-0.6667,53.26,72,100,20.56,overcast clouds
317,Tateyama,JP,34.9833,139.8667,69.22,55,2,13.85,clear sky
318,Yibin,CN,28.7667,104.6238,79.32,39,59,1.95,broken clouds
319,Chuy,UY,-33.6971,-53.4616,58.89,96,100,4.65,moderate rain
320,Toppenish,US,46.3774,-120.3087,64.87,52,2,7.67,clear sky
321,Prainha,BR,-1.8,-53.48,76.03,83,8,2.8,clear sky
322,Dawei,MM,14.0833,98.2,87.1,57,77,8.08,broken clouds
323,Champerico,GT,14.3,-91.9167,78.94,85,90,3.06,moderate rain
324,Sheridan,US,44.8333,-106.9173,52.18,40,0,10.36,clear sky
325,Jeremie,HT,18.65,-74.1167,78.91,78,76,2.1,broken clouds
326,Tautira,PF,-17.7333,-149.15,77.31,80,55,18.16,light rain
327,Alausi,EC,-2.2,-78.8333,49.93,96,100,1.16,overcast clouds
328,Baruun-Urt,MN,46.6806,113.2792,40.41,47,81,1.23,broken clouds
329,Emporia,US,38.4039,-96.1817,53.8,43,0,9.22,clear sky
330,Margate,GB,51.3813,1.3862,57.87,96,85,3.0,overcast clouds
331,Sur,OM,22.5667,59.5289,85.06,33,0,1.79,clear sky
332,Ostersund,SE,63.1792,14.6357,34.25,100,100,4.0,mist
333,Koutiala,ML,12.3917,-5.4642,77.29,48,81,5.14,broken clouds
334,Talara,PE,-4.5772,-81.2719,63.72,80,99,16.93,overcast clouds
335,Tulum,MX,20.2167,-87.4667,69.26,93,34,5.84,scattered clouds
336,Itupiranga,BR,-5.1347,-49.3267,77.14,77,65,3.96,broken clouds
337,Birao,CF,10.2849,22.7882,72.64,74,86,2.08,overcast clouds
338,Mahibadhoo,MV,3.7833,72.9667,81.91,72,91,13.96,overcast clouds
339,Acurenam,GQ,1.0322,10.6488,66.78,99,97,1.03,overcast clouds
340,Nioro,GM,13.35,-15.75,74.21,91,5,3.67,clear sky
341,Kruisfontein,ZA,-34.0033,24.7314,56.7,82,95,3.27,overcast clouds
342,Weyburn,CA,49.6668,-103.8511,50.49,58,66,15.3,broken clouds
343,Feijo,BR,-8.1642,-70.3536,73.44,98,100,2.19,overcast clouds
344,Hasaki,JP,35.7333,140.8333,73.22,53,2,15.21,clear sky
345,Karratha,AU,-20.7377,116.8463,88.0,43,3,16.02,clear sky
346,Narsaq,GL,60.9167,-46.05,32.22,70,100,8.79,overcast clouds
347,Jamkhed,IN,18.7362,75.3121,77.9,72,68,9.35,broken clouds
348,San Antonio,US,29.4241,-98.4936,70.32,55,0,6.91,clear sky
349,Ambilobe,MG,-13.2,49.05,74.3,54,33,5.1,scattered clouds
350,Yokadouma,CM,3.5167,15.05,66.09,99,100,0.54,overcast clouds
351,Anadyr,RU,64.75,177.4833,34.3,93,40,4.47,scattered clouds
352,Voh,NC,-20.9667,164.7,80.01,55,100,6.06,overcast clouds
353,Bandundu,CD,-3.3167,17.3667,68.2,97,100,1.52,overcast clouds
354,Neiafu,TO,-18.65,-173.9833,79.48,89,75,0.0,light intensity shower rain
355,Phuthaditjhaba,ZA,-28.5242,28.8158,58.46,88,99,3.67,overcast clouds
356,Sainte-Thecle,CA,46.8168,-72.4991,37.29,94,100,11.72,overcast clouds
357,Road Town,VG,18.4167,-64.6167,82.47,75,3,16.89,clear sky
358,Saint-Georges,GD,12.0564,-61.7485,78.48,94,20,2.3,few clouds
359,Birganj,NP,27.0104,84.8774,78.13,60,0,3.27,clear sky
360,West Bay,KY,19.3667,-81.4167,80.67,87,20,8.05,few clouds
361,Thohoyandou,ZA,-22.9456,30.485,66.25,52,0,3.29,clear sky
362,Manokwari,ID,-0.8667,134.0833,82.62,76,69,3.13,broken clouds
363,Itamarandiba,BR,-17.8572,-42.8589,63.0,75,58,3.62,broken clouds
364,Novyy Urengoy,RU,66.0833,76.6333,33.28,88,100,15.01,overcast clouds
365,Vestmannaeyjar,IS,63.4427,-20.2734,43.88,74,100,6.73,overcast clouds
366,Pout,SN,14.7739,-17.0603,77.76,100,20,5.75,few clouds
367,Kununurra,AU,-15.7667,128.7333,104.38,15,24,9.35,few clouds
368,Lebu,CL,-37.6167,-73.65,48.69,79,87,15.95,overcast clouds
369,Puquio,PE,-14.7,-74.1333,45.48,34,59,3.27,broken clouds
370,Brownfield,US,33.1812,-102.2744,60.94,31,0,9.64,clear sky
371,Ejido,VE,8.5514,-71.2375,65.25,93,26,4.14,scattered clouds
372,Eyl,SO,7.9803,49.8164,79.18,78,11,10.71,few clouds
373,Hobyo,SO,5.3505,48.5268,79.38,81,24,12.86,few clouds
374,Puteyets,RU,65.1716,57.091,32.04,94,100,10.6,light snow
375,Izumo,JP,35.3667,132.7667,71.42,52,41,8.97,scattered clouds
376,Waddan,LY,29.1614,16.139,62.8,77,4,5.1,clear sky
377,Torres,BR,-29.3353,-49.7269,71.83,97,100,1.74,overcast clouds
378,Sambava,MG,-14.2667,50.1667,69.64,79,31,8.25,scattered clouds
379,Oranjemund,NA,-28.55,16.4333,58.78,88,84,17.76,broken clouds
380,North Myrtle Beach,US,33.816,-78.68,51.85,86,0,0.0,clear sky
381,Kathu,TH,7.9178,98.3332,83.75,87,97,13.51,light rain
382,Romanovo,RU,52.6182,81.2271,51.48,54,100,17.47,overcast clouds
383,Lompoc,US,34.6391,-120.4579,68.77,97,100,5.75,mist
384,Kenai,US,60.5544,-151.2583,39.15,93,46,5.55,scattered clouds
385,Waris Aliganj,IN,25.0167,85.6333,79.12,61,0,4.56,clear sky
386,Taoudenni,ML,22.6783,-3.9836,78.44,19,20,13.73,few clouds
387,Copiapo,CL,-27.3667,-70.3333,51.49,60,0,0.81,clear sky
388,Sabha,LY,27.0377,14.4283,63.14,57,49,8.21,scattered clouds
389,Nemuro,JP,43.3236,145.575,58.35,61,52,5.35,broken clouds
390,Mopti,ML,14.6667,-4.0,83.1,21,92,3.6,overcast clouds
391,Alice Springs,AU,-23.7,133.8833,89.15,40,0,5.75,clear sky
392,Inegol,TR,40.0781,29.5133,43.88,94,33,2.33,scattered clouds
393,Minab,IR,27.1467,57.0801,86.25,30,0,2.37,clear sky
394,Kieta,PG,-6.2167,155.6333,82.94,78,74,2.55,moderate rain
395,Emirdag,TR,39.0197,31.15,45.91,86,91,5.44,overcast clouds
396,Deputatskiy,RU,69.3,139.9,0.16,94,36,6.58,scattered clouds
397,Katangli,RU,51.7102,143.2326,38.97,67,98,14.83,overcast clouds
398,Eregli,TR,37.5133,34.0467,51.55,72,60,4.61,broken clouds
399,Pangai,TO,-19.8,-174.35,73.51,94,100,0.0,light intensity shower rain
400,Sao Jose Da Coroa Grande,BR,-8.8978,-35.1478,73.96,80,1,5.73,clear sky
401,Tevriz,RU,57.509,72.4042,36.21,78,24,8.12,few clouds
402,Gibara,CU,21.1097,-76.1317,78.15,82,96,3.11,heavy intensity rain
403,Qui Nhon,VN,13.7667,109.2333,81.07,76,92,9.73,overcast clouds
404,Bull Savanna,JM,17.8868,-77.5902,75.76,84,49,4.41,scattered clouds
405,Gummidipundi,IN,13.4,80.15,84.2,72,97,9.73,overcast clouds
406,Kahului,US,20.8947,-156.47,82.42,73,40,5.75,scattered clouds
407,Goderich,CA,43.7501,-81.7165,42.91,74,99,16.58,overcast clouds
408,Vila Franca Do Campo,PT,37.7167,-25.4333,61.2,79,15,8.43,few clouds
409,Ahipara,NZ,-35.1667,173.1667,61.41,63,18,10.31,few clouds
410,Boddam,GB,57.4667,-1.7833,52.18,98,100,17.22,overcast clouds
411,Ballina,AU,-28.8667,153.5667,71.78,90,90,17.38,light rain
412,Codrington,AU,-38.2667,141.9667,67.96,84,95,6.06,light rain
413,Owosso,US,42.9978,-84.1766,37.8,70,0,3.44,clear sky
414,Esperance,AU,-33.8667,121.9,57.85,87,99,4.54,overcast clouds
415,Xuddur,SO,4.1213,43.8894,71.92,82,29,11.54,scattered clouds
416,Taunggyi,MM,20.7833,97.0333,74.97,56,5,2.44,clear sky
417,Siocon,PH,7.7061,122.1353,85.35,74,84,3.31,broken clouds
418,Scarborough,GB,54.2797,-0.4044,53.65,92,60,1.99,broken clouds
419,Correntina,BR,-13.3433,-44.6367,73.81,46,60,7.0,broken clouds
420,Sharjah,AE,25.3573,55.4033,80.58,83,0,4.61,haze
421,Linqu,CN,36.5156,118.5397,70.03,39,78,3.58,broken clouds
422,Qaqortoq,GL,60.7167,-46.0333,34.39,66,100,12.33,overcast clouds
423,Severo-Kurilsk,RU,50.6789,156.125,42.91,78,99,10.89,light rain
424,Gigmoto,PH,13.7796,124.39,85.66,74,100,6.29,overcast clouds
425,Chapais,CA,49.7834,-74.8492,31.78,82,68,11.32,broken clouds
426,Matay,EG,28.419,30.7792,66.97,77,0,9.89,clear sky
427,Atbasar,KZ,51.8,68.3333,50.0,43,100,15.32,overcast clouds
428,Miedzyrzec Podlaski,PL,51.9864,22.7825,36.54,84,5,7.63,clear sky
429,Nome,US,64.5011,-165.4064,39.27,87,75,11.5,broken clouds
430,Kavaratti,IN,10.5669,72.642,81.12,75,99,4.29,overcast clouds
431,Beba,CU,22.4437,-79.7253,67.87,91,34,5.3,light rain
432,Priargunsk,RU,50.3691,119.1012,37.76,81,100,6.17,overcast clouds
433,Dongsheng,CN,39.8161,109.9776,59.47,22,0,19.51,clear sky
434,Saryozek,KZ,44.3583,77.9753,54.14,33,71,7.58,broken clouds
435,Oyama,JP,36.3,139.8,74.59,36,39,6.22,scattered clouds
436,Port-Gentil,GA,-0.7193,8.7815,77.74,85,75,11.07,light rain
437,Pangody,RU,65.85,74.4859,32.23,96,100,16.87,light snow
438,Kirakira,SB,-10.4544,161.9205,84.09,72,95,6.87,overcast clouds
439,Afikpo,NG,5.8931,7.9374,72.91,97,100,3.8,overcast clouds
440,Aykhal,RU,66.0,111.5,24.35,92,27,14.47,scattered clouds
441,Yongan,CN,39.6957,113.6871,62.8,43,58,7.54,broken clouds
442,Beloha,MG,-25.1667,45.05,76.87,56,0,7.18,clear sky
443,Ware,GB,51.8126,-0.0283,56.35,98,75,9.22,fog
444,Bergen,NO,60.392,5.328,43.14,83,0,2.3,clear sky
445,Vaitape,PF,-16.5167,-151.75,78.96,76,89,13.47,light rain
446,Outlook,CA,51.5001,-107.0513,48.36,49,0,11.72,clear sky
447,Hofn,IS,64.2539,-15.2082,42.31,73,100,13.91,overcast clouds
448,Menongue,AO,-14.6585,17.691,65.71,58,88,1.5,overcast clouds
449,Ciudad Bolivar,VE,8.1222,-63.5497,80.87,72,69,9.89,broken clouds
450,Fort-Shevchenko,KZ,44.5086,50.263,58.64,81,100,21.18,overcast clouds
451,Lasa,IT,46.6166,10.7002,48.36,92,100,4.81,overcast clouds
452,Grindavik,IS,63.8424,-22.4338,39.67,75,0,10.36,clear sky
453,Diego De Almagro,CL,-26.3667,-70.05,56.64,35,0,1.14,clear sky
454,Vanimo,PG,-2.6741,141.3028,84.06,71,93,6.08,overcast clouds
455,Bousso,TD,10.4795,16.7117,74.93,76,89,6.33,overcast clouds
456,Aden,YE,12.7794,45.0367,83.25,64,3,14.7,clear sky
457,Niamey,NE,13.5137,2.1098,82.53,27,52,4.23,broken clouds
458,Okhotsk,RU,59.3833,143.3,28.49,41,92,11.97,overcast clouds
459,Saint Anthony,US,45.0205,-93.218,52.3,61,0,8.05,clear sky
460,Tabas,IR,33.5959,56.9244,74.44,19,99,4.09,overcast clouds
461,Luderitz,NA,-26.6481,15.1594,59.47,81,98,19.3,overcast clouds
462,Villazon,BO,-22.0866,-65.5942,40.89,38,0,1.25,clear sky
463,Dunedin,NZ,-45.8742,170.5036,48.79,69,80,8.01,broken clouds
464,Asau,RO,46.4333,26.4,25.72,79,0,2.64,clear sky
465,Kodinsk,RU,58.6881,99.1844,34.59,77,100,5.5,overcast clouds
466,Walvis Bay,NA,-22.9575,14.5053,59.09,91,98,5.99,overcast clouds
467,Catia La Mar,VE,10.6038,-67.0303,80.98,81,75,0.0,broken clouds
468,Shetpe,KZ,44.1667,52.1167,53.06,85,47,7.58,scattered clouds
469,Treviglio,IT,45.5238,9.5895,63.64,88,0,2.3,clear sky
470,Sistranda,NO,63.7256,8.834,39.16,75,7,18.01,clear sky
471,Qasigiannguit,GL,68.8193,-51.1922,21.45,78,100,2.91,overcast clouds
472,Porto Empedocle,IT,37.2934,13.5264,65.91,84,0,5.44,clear sky
473,Lander,US,42.833,-108.7307,61.39,23,0,3.44,clear sky
474,Srednekolymsk,RU,67.45,153.6833,15.94,94,100,14.65,light snow
475,Kinkala,CG,-4.3614,14.7644,70.95,92,100,1.61,light rain
476,Virginia Beach,US,36.8529,-75.978,53.02,77,0,0.0,clear sky
477,Gushikawa,JP,26.3544,127.8686,83.43,80,100,21.85,overcast clouds
478,Jadu,LY,31.953,12.0261,55.54,79,0,2.59,clear sky
479,Pozo Colorado,PY,-23.4923,-58.7972,63.34,97,12,1.28,few clouds
480,Lanzhou,CN,36.0564,103.7922,60.58,38,47,9.01,scattered clouds
481,Grand Island,US,40.925,-98.342,59.02,41,0,10.36,clear sky
482,College,US,64.8569,-147.8028,36.59,91,75,8.05,light rain
483,Novaya Bryan,RU,51.7159,108.2691,39.69,55,91,2.01,overcast clouds
484,Caravelas,BR,-17.7125,-39.2481,71.31,91,11,5.82,few clouds
485,Harper,LR,4.375,-7.7169,75.52,87,57,3.33,broken clouds
486,Luba,GQ,3.4568,8.5547,77.05,86,94,4.43,moderate rain
487,Cururupu,BR,-1.8283,-44.8683,75.22,92,44,3.31,scattered clouds
488,Santa Cruz,BO,-17.8,-63.1667,72.86,83,75,6.91,thunderstorm with light rain
489,Xucheng,CN,20.35,110.1288,77.16,77,93,17.85,overcast clouds
490,Pisco,PE,-13.7,-76.2167,59.02,80,11,1.81,few clouds
491,Fort Nelson,CA,58.8053,-122.7002,48.94,36,96,5.01,overcast clouds
492,Quelimane,MZ,-17.8786,36.8883,76.33,83,32,4.85,scattered clouds
493,Laerdalsoyri,NO,61.098,7.4816,39.52,60,0,5.75,clear sky
494,Arenapolis,BR,-14.4503,-56.8461,76.03,77,100,3.06,overcast clouds
495,Husavik,IS,66.0449,-17.3389,35.6,91,100,2.82,overcast clouds
496,Selfoss,IS,63.9331,-20.9971,39.04,64,98,11.16,overcast clouds
497,Dapdap,PH,12.062,125.4881,85.62,68,98,6.6,overcast clouds
498,Rincon,US,32.296,-81.2354,56.86,76,0,0.0,clear sky
499,Paamiut,GL,61.994,-49.6678,40.73,59,100,34.45,light rain
500,Samagaltay,RU,50.6022,95.0047,36.95,39,100,7.45,overcast clouds
501,Rudbar,AF,30.15,62.6,72.86,15,0,1.59,clear sky
502,Nouadhibou,MR,20.931,-17.0347,71.73,78,0,18.16,clear sky
503,Khasan,RU,42.4308,130.6434,63.19,44,49,1.95,scattered clouds
504,Ilulissat,GL,69.2167,-51.1,21.22,73,75,2.3,broken clouds
505,Saldanha,ZA,-33.0117,17.9442,58.77,84,58,18.45,broken clouds
506,Trindade,BR,-16.6494,-49.4889,76.39,41,100,4.41,overcast clouds
507,Prado,BR,-17.3411,-39.2208,71.83,90,23,7.78,few clouds
508,Borovskoy,KZ,53.8,64.15,43.72,88,100,2.59,overcast clouds
509,Kysyl-Syr,RU,63.8986,122.7617,26.11,86,93,7.61,overcast clouds
510,Sao Felix Do Xingu,BR,-6.6447,-51.995,73.9,85,37,1.88,scattered clouds
511,Wodonga,AU,-36.1167,146.8833,71.11,100,75,10.36,moderate rain
512,Shenzhen,CN,22.5455,114.0683,85.86,60,48,1.81,scattered clouds
513,Harnosand,SE,62.6323,17.9379,37.0,82,26,7.4,scattered clouds
514,Kidal,ML,18.4411,1.4078,76.06,20,31,13.56,scattered clouds
515,Charlottetown,CA,46.2352,-63.1267,51.21,70,5,8.99,clear sky
516,Sarahan,IN,31.5167,77.8,54.88,45,1,3.06,clear sky
517,Teya,RU,60.3778,92.6267,37.51,74,99,4.59,overcast clouds
518,Huilong,CN,31.8111,121.655,71.26,60,85,11.63,overcast clouds
519,Komsomolskiy,UZ,40.4272,71.7189,52.52,66,37,2.3,scattered clouds
520,Makakilo City,US,21.3469,-158.0858,77.45,72,75,10.36,broken clouds
521,Moose Factory,CA,51.2585,-80.6094,33.78,93,100,16.11,overcast clouds
522,Sai Buri,TH,6.7013,101.6168,82.96,80,100,4.43,overcast clouds
523,Son La,VN,21.3167,103.9,73.8,72,79,2.15,broken clouds
524,Gamba,GA,-2.65,10.0,75.18,88,59,3.62,light rain
525,Karpogory,RU,64.0019,44.4451,29.88,94,92,5.01,snow
526,Cananeia,BR,-25.0147,-47.9267,68.45,97,100,4.61,moderate rain
527,Kloulklubed,PW,7.0419,134.2556,81.54,75,100,5.55,overcast clouds
528,Gat,IL,31.61,34.7642,71.4,100,67,5.06,broken clouds
529,Staroderevyankovskaya,RU,46.1276,38.9674,49.28,75,95,13.71,overcast clouds
530,Ouallam,NE,14.3188,2.0866,82.18,18,27,7.43,scattered clouds
531,Port Hardy,CA,50.6996,-127.4199,48.99,84,89,11.12,overcast clouds
532,Tabuk,PH,17.4189,121.4443,75.7,93,100,0.94,overcast clouds
533,Zeya,RU,53.75,127.2667,39.7,37,2,7.45,clear sky
534,Anloga,GH,5.7947,0.8973,79.34,83,22,9.48,few clouds
535,Yuzhnyy,RU,53.2542,83.6936,40.53,100,75,2.24,moderate rain
536,Igarka,RU,67.4667,86.5833,33.37,99,100,16.33,light snow
537,Koslan,RU,63.4564,48.8989,28.99,92,97,13.44,snow
538,Coahuayana,MX,18.7333,-103.6833,75.43,93,100,3.89,overcast clouds
539,Victoria Point,AU,-27.5833,153.3,72.18,92,57,1.01,moderate rain
540,Vao,NC,-22.6667,167.4833,71.46,65,100,18.68,overcast clouds
541,Medvezhyegorsk,RU,62.9167,34.4667,33.96,78,100,4.79,overcast clouds
542,Labuhan,ID,-6.8844,112.2051,85.73,68,100,5.37,moderate rain
543,Albury,AU,-36.0833,146.9167,71.15,100,75,10.36,moderate rain
544,Panama City,PA,8.9936,-79.5197,78.39,86,100,3.62,overcast clouds
545,Matamoros,MX,25.5333,-103.25,67.1,39,0,1.92,clear sky
546,Bayir,TR,37.2687,28.2167,57.72,70,0,5.21,clear sky
547,Jibuti,DJ,11.5,42.5,74.37,74,0,14.36,clear sky
548,Mattru,SL,7.6244,-11.8332,71.73,98,61,0.74,light rain
549,Embu,BR,-23.6489,-46.8522,73.11,94,49,5.77,light rain
550,Boyolangu,ID,-8.1181,111.8935,84.07,72,99,4.76,light rain
551,Dickson,US,36.077,-87.3878,45.95,60,0,6.73,clear sky
552,Amga,RU,60.8953,131.9608,23.25,86,100,5.03,overcast clouds
553,Luanda,AO,-8.8368,13.2343,75.2,88,75,8.05,broken clouds
554,Lorengau,PG,-2.0226,147.2712,85.73,66,79,6.06,broken clouds
555,Honiara,SB,-9.4333,159.95,83.68,78,100,4.38,overcast clouds
556,Neuquen,AR,-38.9516,-68.0591,57.72,46,100,25.43,light rain
557,Nyzy,UA,50.7828,34.7844,37.4,84,53,6.17,broken clouds
558,Dedza,MW,-14.3779,34.3332,61.36,59,95,3.62,overcast clouds
559,San Andres,CO,12.5847,-81.7006,82.42,83,40,3.44,scattered clouds
560,Ponnampet,IN,12.15,75.9333,74.5,79,75,3.29,broken clouds
561,Padang,ID,-0.9492,100.3543,86.05,74,87,4.52,overcast clouds
562,Cabedelo,BR,-6.9811,-34.8339,76.59,69,10,14.7,clear sky
563,Kapit,MY,2.0167,112.9333,93.33,50,63,1.57,broken clouds
564,Tevaitoa,PF,-16.7833,-151.5,78.84,77,68,14.38,light rain
565,Althofen,AT,46.8818,14.4676,54.16,97,97,0.83,overcast clouds
566,San Pedro,PH,14.35,121.0167,87.35,68,100,4.14,overcast clouds
567,Nantucket,US,41.2835,-70.0995,59.11,68,20,17.27,few clouds
568,Yeppoon,AU,-23.1333,150.7333,78.58,75,96,10.94,overcast clouds
569,Rajanpur,PK,29.1035,70.325,81.82,33,0,16.75,clear sky
570,Fukue,JP,32.6881,128.8419,70.11,63,64,6.49,broken clouds
571,Bandarbeyla,SO,9.4942,50.8122,78.94,80,1,9.24,clear sky
572,Bundaberg,AU,-24.85,152.35,80.22,80,37,8.01,scattered clouds
573,Montepuez,MZ,-13.1256,38.9997,68.56,79,81,4.07,broken clouds
574,Sicamous,CA,50.8331,-118.9856,49.19,87,97,2.21,overcast clouds
575,Sorong,ID,-0.8833,131.25,84.87,68,73,7.58,broken clouds
576,Moussoro,TD,13.6408,16.4901,81.28,22,13,9.91,few clouds
577,Plast,RU,54.3691,60.8136,39.97,85,100,2.17,overcast clouds
578,Yatou,CN,37.15,122.3833,65.89,56,71,11.48,broken clouds
579,Amuntai,ID,-2.4177,115.2494,86.34,75,100,1.28,overcast clouds
580,Ransang,PH,8.9603,117.5828,85.08,72,86,2.57,overcast clouds
581,Yining,CN,29.0361,114.5636,80.49,29,58,4.45,broken clouds
582,Palmas De Monte Alto,BR,-14.2672,-43.1619,73.53,58,80,8.34,broken clouds
583,Mao,ES,39.8885,4.2658,72.16,94,0,9.22,clear sky
584,La Libertad,EC,-2.2333,-80.9,68.02,84,100,9.95,overcast clouds
585,Quatre Cocos,MU,-20.2078,57.7625,74.08,75,39,11.52,scattered clouds
586,Williams Lake,CA,52.1415,-122.1445,43.05,76,100,2.3,overcast clouds
587,Karema,TZ,-6.8205,30.4389,76.98,48,99,4.23,overcast clouds
588,Puerto Maldonado,PE,-12.6,-69.1833,75.09,87,99,2.19,overcast clouds
589,Perpignan,FR,42.75,2.75,69.44,60,0,9.22,clear sky
590,Cozumel,MX,20.5083,-86.9458,78.08,75,75,8.01,broken clouds
591,Japura,ID,-0.3167,102.35,91.94,52,55,2.95,broken clouds
592,Farafangana,MG,-22.8167,47.8333,74.01,71,31,9.17,scattered clouds
593,Yumen,CN,40.2833,97.2,50.07,31,1,10.76,clear sky
594,Coruripe,BR,-10.1256,-36.1756,73.22,79,1,7.87,clear sky
595,Mareeba,AU,-17.0,145.4333,77.49,49,95,7.14,overcast clouds
596,Maarianhamina,AX,60.0973,19.9348,42.66,87,100,1.14,overcast clouds
597,Kaitangata,NZ,-46.2817,169.8464,53.6,46,80,11.97,broken clouds
598,Half Moon Bay,US,37.4636,-122.4286,65.88,85,100,14.97,mist
599,Bluefields,NI,12.0137,-83.7635,76.8,90,64,4.03,broken clouds
600,Jalu,LY,29.0331,21.5482,66.49,62,71,5.73,broken clouds
601,Takaka,NZ,-40.85,172.8,55.56,84,100,2.01,overcast clouds
602,Puerto Leguizamo,CO,-0.1934,-74.7819,71.94,92,68,0.38,broken clouds
603,Santiago De Cuba,CU,20.0247,-75.8219,74.25,90,95,2.77,overcast clouds
604,Gizo,SB,-8.103,156.8419,83.84,71,93,2.68,moderate rain
605,Acqui Terme,IT,44.6751,8.4675,67.89,92,100,1.01,overcast clouds
606,Pascoag,US,41.9557,-71.7023,48.72,85,0,0.0,clear sky
607,Portland,US,45.5234,-122.6762,62.98,82,20,5.75,few clouds
608,Kristiansund,NO,63.1115,7.732,38.05,87,1,4.61,clear sky
609,Mantua,IT,45.1667,10.7833,61.05,87,99,1.01,light rain
610,Olga,RU,43.7444,135.2892,58.6,54,100,5.91,overcast clouds
611,Ramacca,IT,37.3881,14.6927,61.66,86,0,1.21,clear sky
612,Aklavik,CA,68.2191,-135.0107,17.58,98,100,1.68,overcast clouds
613,Colares,PT,38.7992,-9.4469,66.76,98,100,21.0,overcast clouds
614,Mamakan,RU,57.8161,114.0028,31.87,81,100,1.19,overcast clouds
615,Sorland,NO,67.667,12.6934,40.86,76,99,10.45,overcast clouds
616,Yulara,AU,-25.2406,130.9889,90.99,14,0,8.16,clear sky
617,Stornoway,GB,58.2093,-6.3865,51.76,85,100,9.22,overcast clouds
618,Carnduff,CA,49.1667,-101.8009,51.39,39,100,17.85,overcast clouds
619,Kizhinga,RU,51.8462,109.9097,38.5,50,38,4.7,scattered clouds
620,Muroto,JP,33.2833,134.15,70.54,55,59,5.5,broken clouds
621,Carutapera,BR,-1.195,-46.02,77.04,88,80,5.46,broken clouds
622,Shambu,ET,9.5667,37.1,49.68,90,49,3.24,scattered clouds
623,Iquique,CL,-20.2208,-70.1431,60.84,71,47,1.81,scattered clouds
624,Tyukhtet,RU,56.5389,89.3011,40.24,83,100,10.65,overcast clouds
625,Alamosa,US,37.4695,-105.87,42.78,39,0,6.91,clear sky
626,Vestmanna,FO,62.1564,-7.1664,47.32,87,100,16.11,overcast clouds
627,Rawah,IQ,34.4816,41.9093,70.07,47,21,4.34,few clouds
628,Barka Kana,IN,23.6167,85.4833,75.04,62,0,5.59,clear sky
629,Juneau,US,58.3019,-134.4197,45.21,97,100,8.05,moderate rain
630,Riyadh,SA,24.6877,46.7219,69.94,15,0,4.76,clear sky
631,Nautla,MX,20.2167,-96.7833,69.93,85,100,4.72,overcast clouds
632,Alice,US,27.7523,-98.0697,65.55,72,0,10.36,clear sky
633,Qena,EG,26.1615,32.7183,73.13,44,4,6.31,clear sky
634,Mariel,CU,22.9875,-82.7536,71.11,67,64,13.04,broken clouds
635,Swellendam,ZA,-34.0226,20.4417,54.7,85,25,0.63,scattered clouds
636,Praia,CV,14.9215,-23.5087,73.94,88,20,5.75,few clouds
637,Gorontalo,ID,0.5412,123.0595,87.42,70,68,3.47,broken clouds
638,Mpika,ZM,-11.8343,31.4529,61.47,58,81,6.51,broken clouds
639,San Juan,AR,-31.5375,-68.5364,70.27,26,0,8.37,clear sky
640,Pingzhuang,CN,42.0372,119.2889,66.54,22,0,11.18,clear sky
641,Vytegra,RU,61.0064,36.4481,38.68,74,100,6.51,light rain
642,Trogir,HR,43.5125,16.2517,57.25,58,0,1.14,clear sky
643,Mayo,US,38.8876,-76.5119,52.12,77,0,3.0,clear sky
644,Mana,GF,5.6592,-53.7767,78.66,86,68,7.78,broken clouds
645,Mount Gambier,AU,-37.8333,140.7667,66.11,88,100,14.97,light intensity shower rain
646,Sinnamary,GF,5.3833,-52.95,78.76,84,92,7.9,overcast clouds
647,Inirida,CO,3.8653,-67.9239,73.38,97,100,1.16,heavy intensity rain
648,Somerville,US,42.3876,-71.0995,51.13,73,20,11.5,few clouds
649,Apollonia,GR,36.9716,24.7231,62.19,65,0,32.32,clear sky
650,Dolores,AR,-36.3132,-57.6792,58.28,97,96,5.14,overcast clouds
651,Kargasok,RU,59.0556,80.8572,39.7,80,99,11.54,overcast clouds
652,Coaticook,CA,45.1334,-71.7991,42.57,62,67,7.92,broken clouds
653,Onalaska,US,43.8844,-91.2351,48.25,71,0,8.05,clear sky
654,Bilma,NE,18.6853,12.9164,69.42,27,2,9.35,clear sky
655,Takoradi,GH,4.8845,-1.7554,76.24,87,57,5.84,broken clouds
656,Wajima,JP,37.4,136.9,66.6,59,84,15.1,broken clouds
657,Vejalpur,IN,22.6833,73.5667,82.44,46,0,8.43,clear sky
658,Ludvika,SE,60.1496,15.1878,38.77,95,63,2.01,broken clouds
659,Beyneu,KZ,45.3167,55.2,58.28,70,25,5.95,scattered clouds
660,Ardmore,US,34.1743,-97.1436,60.03,75,0,0.0,clear sky
661,Maracas,BR,-13.4411,-40.4308,60.75,92,60,4.74,broken clouds
662,Shimoni,KE,-4.6476,39.3817,75.29,78,92,9.04,overcast clouds
663,Charlestown,AU,-32.95,151.6667,75.69,81,98,4.0,light rain
664,Alyangula,AU,-13.8483,136.4192,90.07,54,98,3.96,overcast clouds
665,Kimbe,PG,-5.5502,150.1429,90.23,56,87,9.37,overcast clouds
666,Mabaruma,GY,8.2,-59.7833,74.61,91,24,2.15,few clouds
667,Luang Prabang,LA,19.8856,102.1347,85.19,51,9,2.73,clear sky
668,Drumheller,CA,51.4617,-112.7101,47.25,46,53,2.51,broken clouds
669,Eureka,US,40.8021,-124.1637,59.67,79,100,1.16,overcast clouds
670,Port Augusta,AU,-32.5,137.7667,78.44,49,4,11.61,clear sky
671,Melo,UY,-32.3667,-54.1833,58.5,98,100,12.06,overcast clouds
672,Randolph,US,35.7001,-79.8164,44.74,87,0,0.0,clear sky
673,North Bend,US,43.4065,-124.2243,59.92,99,100,16.11,mist
674,Comodoro Rivadavia,AR,-45.8667,-67.5,39.06,75,0,8.05,clear sky
675,Villarrica,PY,-25.75,-56.4333,64.47,97,74,2.51,broken clouds
676,Warrington,GB,53.3925,-2.5802,52.86,97,20,6.91,few clouds
677,Palmer,US,42.1584,-72.3287,45.18,88,0,0.0,clear sky
678,Baiao,BR,-2.7906,-49.6717,74.77,92,14,2.19,few clouds
679,Virden,US,39.5009,-89.7679,53.62,56,70,8.59,broken clouds
680,Toora-Khem,RU,52.4675,96.11,36.5,42,98,1.5,overcast clouds
681,Denpasar,ID,-8.65,115.2167,87.46,79,20,6.91,few clouds
682,Imbituba,BR,-28.24,-48.6703,73.85,93,100,13.33,overcast clouds
683,Deleni,RO,47.4667,26.8833,37.67,76,0,1.39,clear sky
684,Santa Maria,BR,-29.6842,-53.8069,64.87,97,94,6.8,overcast clouds
685,Northam,GB,51.0333,-4.2167,58.6,94,98,20.87,overcast clouds
686,Clinton,US,42.587,-82.9199,38.28,93,0,0.0,clear sky
687,Sibolga,ID,1.7427,98.7792,77.83,88,99,7.38,overcast clouds
688,Plotnikovo,RU,55.0247,85.9436,41.34,77,98,8.99,overcast clouds
689,Pierre,US,44.3683,-100.351,61.29,30,0,9.22,clear sky
690,Panjab,AF,34.388,67.0233,46.31,20,4,0.6,clear sky
691,Leshukonskoye,RU,64.8989,45.7622,30.83,85,100,10.67,snow
692,Sompeta,IN,18.9333,84.6,81.84,68,1,8.75,clear sky
693,Muros,ES,42.7762,-9.0603,60.84,87,66,22.1,broken clouds
694,Odienne,CI,9.51,-7.5692,69.66,90,36,2.39,scattered clouds
695,Odweyne,SO,9.4092,45.064,70.74,74,67,6.69,light rain
696,Upington,ZA,-28.4478,21.2561,72.7,44,55,11.97,broken clouds
697,Galveston,US,29.3669,-94.9669,71.56,71,0,13.8,clear sky
698,Fuerte Olimpo,PY,-21.0415,-57.8738,69.06,98,78,4.61,broken clouds
699,Manzhouli,CN,49.6,117.4333,45.57,30,10,13.22,clear sky
700,Rabo De Peixe,PT,37.8,-25.5833,60.28,94,20,6.91,few clouds
701,Nago,JP,26.5881,127.9761,81.45,80,62,19.04,broken clouds
702,Hare Bay,CA,48.8499,-54.0148,60.15,97,100,7.9,overcast clouds
703,Sola,VU,-13.8833,167.55,81.84,72,79,16.06,broken clouds
704,Barabai,ID,-2.5833,115.3833,86.52,75,100,1.45,overcast clouds
705,Oranjestad,AW,12.524,-70.027,82.9,85,71,1.01,broken clouds
706,Bam,IR,29.106,58.357,75.6,17,4,2.15,clear sky
707,Fukuma,JP,33.7667,130.4667,78.3,42,86,3.44,overcast clouds
708,Linhares,BR,-19.3911,-40.0722,70.59,90,38,3.11,scattered clouds
709,Jiblah,YE,13.9216,44.1467,62.51,47,2,3.15,clear sky
710,Spring Hill,US,28.4769,-82.5255,63.82,78,40,0.0,scattered clouds
711,Verkhnyaya Maksakovka,RU,61.635,50.9674,30.22,100,100,8.99,overcast clouds
712,Cranford,US,40.6584,-74.2996,54.73,66,0,3.44,clear sky
713,Brownsville,US,25.9018,-97.4975,68.02,73,0,5.75,clear sky
714,Trani,IT,41.2727,16.4154,52.12,69,28,3.47,scattered clouds
715,Almaznyy,RU,48.0448,40.045,39.4,95,100,21.09,light rain
